"chrom,""chromStart"",""chromEnd"",""name"""
"Chromosome,21280,21618,""coding_genes"""
"Chromosome,31106,31469,""coding_genes"""
"Chromosome,31106,31469,""coding_genes"""
"Chromosome,44092,44740,""coding_genes"""
"Chromosome,63978,64285,""coding_genes"""
"Chromosome,66406,66696,""coding_genes"""
"Chromosome,70721,71091,""coding_genes"""
"Chromosome,75720,76097,""coding_genes"""
"Chromosome,75720,76097,""coding_genes"""
"Chromosome,89617,90188,""coding_genes"""
"Chromosome,89617,90188,""coding_genes"""
"Chromosome,91375,91946,""coding_genes"""
"Chromosome,91375,91946,""coding_genes"""
"Chromosome,94209,94569,""coding_genes"""
"Chromosome,122545,122937,""coding_genes"""
"Chromosome,122545,122937,""coding_genes"""
"Chromosome,130813,131274,""coding_genes"""
"Chromosome,130813,131274,""coding_genes"""
"Chromosome,150209,150654,""coding_genes"""
"Chromosome,150209,150654,""coding_genes"""
"Chromosome,150209,150654,""coding_genes"""
"Chromosome,155906,156285,""coding_genes"""
"Chromosome,155906,156285,""coding_genes"""
"Chromosome,157898,158979,""coding_genes"""
"Chromosome,157898,158979,""coding_genes"""
"Chromosome,160893,161417,""coding_genes"""
"Chromosome,160893,161417,""coding_genes"""
"Chromosome,164752,165241,""coding_genes"""
"Chromosome,165294,165682,""coding_genes"""
"Chromosome,165294,165682,""coding_genes"""
"Chromosome,165814,166228,""coding_genes"""
"Chromosome,168418,168810,""coding_genes"""
"Chromosome,170321,170715,""coding_genes"""
"Chromosome,190686,191024,""coding_genes"""
"Chromosome,191469,191838,""coding_genes"""
"Chromosome,191469,191838,""coding_genes"""
"Chromosome,195308,195691,""coding_genes"""
"Chromosome,196987,197390,""coding_genes"""
"Chromosome,196987,197390,""coding_genes"""
"Chromosome,199802,200182,""coding_genes"""
"Chromosome,204086,204602,""coding_genes"""
"Chromosome,204086,204602,""coding_genes"""
"Chromosome,205741,206112,""coding_genes"""
"Chromosome,206300,206680,""coding_genes"""
"Chromosome,221039,221422,""coding_genes"""
"Chromosome,225115,225419,""coding_genes"""
"Chromosome,225115,225419,""coding_genes"""
"Chromosome,236324,236745,""coding_genes"""
"Chromosome,236324,236745,""coding_genes"""
"Chromosome,269506,269865,""coding_genes"""
"Chromosome,269506,269865,""coding_genes"""
"Chromosome,293338,293706,""coding_genes"""
"Chromosome,293338,293706,""coding_genes"""
"Chromosome,298954,299352,""coding_genes"""
"Chromosome,298954,299352,""coding_genes"""
"Chromosome,347984,348235,""coding_genes"""
"Chromosome,395491,395870,""coding_genes"""
"Chromosome,424311,424651,""coding_genes"""
"Chromosome,424983,425366,""coding_genes"""
"Chromosome,424983,425366,""coding_genes"""
"Chromosome,432427,432763,""coding_genes"""
"Chromosome,433484,433874,""coding_genes"""
"Chromosome,433484,433874,""coding_genes"""
"Chromosome,471072,471414,""coding_genes"""
"Chromosome,471072,471414,""coding_genes"""
"Chromosome,484127,484520,""coding_genes"""
"Chromosome,484127,484520,""coding_genes"""
"Chromosome,526994,527301,""coding_genes"""
"Chromosome,528577,528965,""coding_genes"""
"Chromosome,537335,537742,""coding_genes"""
"Chromosome,542094,542424,""coding_genes"""
"Chromosome,547624,547989,""coding_genes"""
"Chromosome,547624,547989,""coding_genes"""
"Chromosome,558946,559338,""coding_genes"""
"Chromosome,558946,559338,""coding_genes"""
"Chromosome,569164,569462,""coding_genes"""
"Chromosome,569164,569462,""coding_genes"""
"Chromosome,577867,578280,""coding_genes"""
"Chromosome,592859,593200,""coding_genes"""
"Chromosome,638187,638580,""coding_genes"""
"Chromosome,638187,638580,""coding_genes"""
"Chromosome,658593,658946,""coding_genes"""
"Chromosome,658593,658946,""coding_genes"""
"Chromosome,669452,669855,""coding_genes"""
"Chromosome,673396,673722,""coding_genes"""
"Chromosome,673396,673722,""coding_genes"""
"Chromosome,673396,673722,""coding_genes"""
"Chromosome,676823,677236,""coding_genes"""
"Chromosome,681681,682113,""coding_genes"""
"Chromosome,681681,682113,""coding_genes"""
"Chromosome,712500,712871,""coding_genes"""
"Chromosome,717026,717346,""coding_genes"""
"Chromosome,722925,723333,""coding_genes"""
"Chromosome,722925,723333,""coding_genes"""
"Chromosome,726706,727066,""coding_genes"""
"Chromosome,726706,727066,""coding_genes"""
"Chromosome,728927,729272,""coding_genes"""
"Chromosome,728927,729272,""coding_genes"""
"Chromosome,743258,744154,""coding_genes"""
"Chromosome,745604,746015,""coding_genes"""
"Chromosome,773205,773533,""coding_genes"""
"Chromosome,776154,776650,""coding_genes"""
"Chromosome,786304,786704,""coding_genes"""
"Chromosome,786304,786704,""coding_genes"""
"Chromosome,789653,790031,""coding_genes"""
"Chromosome,789653,790031,""coding_genes"""
"Chromosome,806516,807079,""coding_genes"""
"Chromosome,806516,807079,""coding_genes"""
"Chromosome,809808,810549,""coding_genes"""
"Chromosome,815699,816092,""coding_genes"""
"Chromosome,815699,816092,""coding_genes"""
"Chromosome,829559,829987,""coding_genes"""
"Chromosome,829559,829987,""coding_genes"""
"Chromosome,870182,870508,""coding_genes"""
"Chromosome,899284,899609,""coding_genes"""
"Chromosome,914175,914551,""coding_genes"""
"Chromosome,915544,915878,""coding_genes"""
"Chromosome,919314,919928,""coding_genes"""
"Chromosome,922067,922427,""coding_genes"""
"Chromosome,922067,922427,""coding_genes"""
"Chromosome,950142,950586,""coding_genes"""
"Chromosome,950142,950586,""coding_genes"""
"Chromosome,962380,962741,""coding_genes"""
"Chromosome,971102,971497,""coding_genes"""
"Chromosome,971102,971497,""coding_genes"""
"Chromosome,977100,977474,""coding_genes"""
"Chromosome,993063,993400,""coding_genes"""
"Chromosome,993063,993400,""coding_genes"""
"Chromosome,1007078,1007430,""coding_genes"""
"Chromosome,1008555,1008809,""coding_genes"""
"Chromosome,1020383,1020735,""coding_genes"""
"Chromosome,1034688,1034998,""coding_genes"""
"Chromosome,1037679,1038050,""coding_genes"""
"Chromosome,1045578,1046067,""coding_genes"""
"Chromosome,1045578,1046067,""coding_genes"""
"Chromosome,1057046,1057448,""coding_genes"""
"Chromosome,1057046,1057448,""coding_genes"""
"Chromosome,1058152,1058735,""coding_genes"""
"Chromosome,1058152,1058735,""coding_genes"""
"Chromosome,1073887,1074270,""coding_genes"""
"Chromosome,1073887,1074270,""coding_genes"""
"Chromosome,1076708,1077090,""coding_genes"""
"Chromosome,1076708,1077090,""coding_genes"""
"Chromosome,1084111,1084496,""coding_genes"""
"Chromosome,1084111,1084496,""coding_genes"""
"Chromosome,1087499,1087853,""coding_genes"""
"Chromosome,1094701,1095036,""coding_genes"""
"Chromosome,1109149,1109515,""coding_genes"""
"Chromosome,1109149,1109515,""coding_genes"""
"Chromosome,1127478,1127860,""coding_genes"""
"Chromosome,1131858,1132242,""coding_genes"""
"Chromosome,1143457,1143865,""coding_genes"""
"Chromosome,1152636,1152989,""coding_genes"""
"Chromosome,1161516,1161866,""coding_genes"""
"Chromosome,1180591,1180995,""coding_genes"""
"Chromosome,1180591,1180995,""coding_genes"""
"Chromosome,1193136,1193496,""coding_genes"""
"Chromosome,1193136,1193496,""coding_genes"""
"Chromosome,1204178,1204613,""coding_genes"""
"Chromosome,1204178,1204613,""coding_genes"""
"Chromosome,1205480,1206023,""coding_genes"""
"Chromosome,1205480,1206023,""coding_genes"""
"Chromosome,1209447,1209858,""coding_genes"""
"Chromosome,1211283,1211736,""coding_genes"""
"Chromosome,1211283,1211736,""coding_genes"""
"Chromosome,1223971,1224372,""coding_genes"""
"Chromosome,1223971,1224372,""coding_genes"""
"Chromosome,1225877,1226262,""coding_genes"""
"Chromosome,1225877,1226262,""coding_genes"""
"Chromosome,1258034,1258365,""coding_genes"""
"Chromosome,1277011,1277377,""coding_genes"""
"Chromosome,1283046,1283400,""coding_genes"""
"Chromosome,1283046,1283400,""coding_genes"""
"Chromosome,1285212,1285579,""coding_genes"""
"Chromosome,1286433,1286827,""coding_genes"""
"Chromosome,1295242,1295635,""coding_genes"""
"Chromosome,1295242,1295635,""coding_genes"""
"Chromosome,1313558,1313940,""coding_genes"""
"Chromosome,1313558,1313940,""coding_genes"""
"Chromosome,1325126,1325470,""coding_genes"""
"Chromosome,1328751,1329086,""coding_genes"""
"Chromosome,1330740,1331107,""coding_genes"""
"Chromosome,1339279,1339632,""coding_genes"""
"Chromosome,1359492,1360043,""coding_genes"""
"Chromosome,1359492,1360043,""coding_genes"""
"Chromosome,1378643,1378987,""coding_genes"""
"Chromosome,1379560,1379920,""coding_genes"""
"Chromosome,1385150,1385556,""coding_genes"""
"Chromosome,1385150,1385556,""coding_genes"""
"Chromosome,1397426,1397801,""coding_genes"""
"Chromosome,1398256,1398655,""coding_genes"""
"Chromosome,1398256,1398655,""coding_genes"""
"Chromosome,1402529,1403238,""coding_genes"""
"Chromosome,1411442,1411824,""coding_genes"""
"Chromosome,1442570,1442937,""coding_genes"""
"Chromosome,1442570,1442937,""coding_genes"""
"Chromosome,1451156,1451854,""coding_genes"""
"Chromosome,1451156,1451854,""coding_genes"""
"Chromosome,1452380,1452734,""coding_genes"""
"Chromosome,1457750,1458151,""coding_genes"""
"Chromosome,1457750,1458151,""coding_genes"""
"Chromosome,1460367,1460795,""coding_genes"""
"Chromosome,1461022,1461385,""coding_genes"""
"Chromosome,1462788,1463280,""coding_genes"""
"Chromosome,1473825,1474327,""coding_genes"""
"Chromosome,1496836,1497163,""coding_genes"""
"Chromosome,1516921,1517431,""coding_genes"""
"Chromosome,1518241,1518637,""coding_genes"""
"Chromosome,1519235,1519627,""coding_genes"""
"Chromosome,1528515,1528852,""coding_genes"""
"Chromosome,1528515,1528852,""coding_genes"""
"Chromosome,1529211,1529817,""coding_genes"""
"Chromosome,1532495,1532868,""coding_genes"""
"Chromosome,1534128,1534458,""coding_genes"""
"Chromosome,1535866,1536259,""coding_genes"""
"Chromosome,1539017,1539593,""coding_genes"""
"Chromosome,1539017,1539593,""coding_genes"""
"Chromosome,1555393,1555793,""coding_genes"""
"Chromosome,1559686,1560081,""coding_genes"""
"Chromosome,1570324,1570680,""coding_genes"""
"Chromosome,1570324,1570680,""coding_genes"""
"Chromosome,1573235,1573612,""coding_genes"""
"Chromosome,1574281,1574640,""coding_genes"""
"Chromosome,1574281,1574640,""coding_genes"""
"Chromosome,1578830,1579209,""coding_genes"""
"Chromosome,1580337,1581095,""coding_genes"""
"Chromosome,1581296,1581670,""coding_genes"""
"Chromosome,1591914,1592511,""coding_genes"""
"Chromosome,1591914,1592511,""coding_genes"""
"Chromosome,1594081,1594628,""coding_genes"""
"Chromosome,1606426,1606867,""coding_genes"""
"Chromosome,1606426,1606867,""coding_genes"""
"Chromosome,1609648,1610087,""coding_genes"""
"Chromosome,1611818,1612190,""coding_genes"""
"Chromosome,1613992,1614439,""coding_genes"""
"Chromosome,1613992,1614439,""coding_genes"""
"Chromosome,1619001,1619354,""coding_genes"""
"Chromosome,1622603,1622987,""coding_genes"""
"Chromosome,1623367,1623980,""coding_genes"""
"Chromosome,1631706,1632168,""coding_genes"""
"Chromosome,1631706,1632168,""coding_genes"""
"Chromosome,1634396,1634683,""coding_genes"""
"Chromosome,1638807,1639181,""coding_genes"""
"Chromosome,5582623,5583005,""coding_genes"""
"Chromosome,5582623,5583005,""coding_genes"""
"Chromosome,1652384,1652919,""coding_genes"""
"Chromosome,1652384,1652919,""coding_genes"""
"Chromosome,1654975,1655326,""coding_genes"""
"Chromosome,1656055,1656896,""coding_genes"""
"Chromosome,1658487,1658839,""coding_genes"""
"Chromosome,1659053,1659315,""coding_genes"""
"Chromosome,1666482,1667054,""coding_genes"""
"Chromosome,1668603,1669067,""coding_genes"""
"Chromosome,1671889,1672257,""coding_genes"""
"Chromosome,1672693,1673080,""coding_genes"""
"Chromosome,1672693,1673080,""coding_genes"""
"Chromosome,1681719,1682117,""coding_genes"""
"Chromosome,1681719,1682117,""coding_genes"""
"Chromosome,1699010,1699390,""coding_genes"""
"Chromosome,1707840,1708550,""coding_genes"""
"Chromosome,1709096,1709444,""coding_genes"""
"Chromosome,1711788,1712314,""coding_genes"""
"Chromosome,1711788,1712314,""coding_genes"""
"Chromosome,1713151,1713427,""coding_genes"""
"Chromosome,1729228,1729568,""coding_genes"""
"Chromosome,1729228,1729568,""coding_genes"""
"Chromosome,1736907,1737305,""coding_genes"""
"Chromosome,1744633,1745035,""coding_genes"""
"Chromosome,1747696,1748087,""coding_genes"""
"Chromosome,1749096,1749833,""coding_genes"""
"Chromosome,1755046,1755446,""coding_genes"""
"Chromosome,1756400,1756755,""coding_genes"""
"Chromosome,1756400,1756755,""coding_genes"""
"Chromosome,1759217,1759592,""coding_genes"""
"Chromosome,1763644,1764704,""coding_genes"""
"Chromosome,1763644,1764704,""coding_genes"""
"Chromosome,1765960,1766352,""coding_genes"""
"Chromosome,1767843,1768209,""coding_genes"""
"Chromosome,1768960,1769301,""coding_genes"""
"Chromosome,1772563,1772964,""coding_genes"""
"Chromosome,1776225,1776813,""coding_genes"""
"Chromosome,1776225,1776813,""coding_genes"""
"Chromosome,1781873,1782199,""coding_genes"""
"Chromosome,1784132,1784545,""coding_genes"""
"Chromosome,1785710,1786065,""coding_genes"""
"Chromosome,1793838,1794252,""coding_genes"""
"Chromosome,1793838,1794252,""coding_genes"""
"Chromosome,1795361,1795681,""coding_genes"""
"Chromosome,1796929,1797489,""coding_genes"""
"Chromosome,1796929,1797489,""coding_genes"""
"Chromosome,1806165,1806489,""coding_genes"""
"Chromosome,1818698,1819073,""coding_genes"""
"Chromosome,1818698,1819073,""coding_genes"""
"Chromosome,1842014,1842397,""coding_genes"""
"Chromosome,1843571,1843948,""coding_genes"""
"Chromosome,1843571,1843948,""coding_genes"""
"Chromosome,1868898,1869433,""coding_genes"""
"Chromosome,1868898,1869433,""coding_genes"""
"Chromosome,1872847,1873214,""coding_genes"""
"Chromosome,1872847,1873214,""coding_genes"""
"Chromosome,1874434,1874822,""coding_genes"""
"Chromosome,1880166,1880554,""coding_genes"""
"Chromosome,1881791,1882160,""coding_genes"""
"Chromosome,1883351,1883676,""coding_genes"""
"Chromosome,1883351,1883676,""coding_genes"""
"Chromosome,1888407,1888786,""coding_genes"""
"Chromosome,1892013,1892404,""coding_genes"""
"Chromosome,1893516,1893890,""coding_genes"""
"Chromosome,1898221,1898967,""coding_genes"""
"Chromosome,1898221,1898967,""coding_genes"""
"Chromosome,1907965,1908591,""coding_genes"""
"Chromosome,1907965,1908591,""coding_genes"""
"Chromosome,1907965,1908591,""coding_genes"""
"Chromosome,1922639,1922894,""coding_genes"""
"Chromosome,1922639,1922894,""coding_genes"""
"Chromosome,1925946,1926313,""coding_genes"""
"Chromosome,1926466,1926860,""coding_genes"""
"Chromosome,1927398,1927808,""coding_genes"""
"Chromosome,1927398,1927808,""coding_genes"""
"Chromosome,1938844,1939195,""coding_genes"""
"Chromosome,1940644,1941031,""coding_genes"""
"Chromosome,1942705,1943093,""coding_genes"""
"Chromosome,1942705,1943093,""coding_genes"""
"Chromosome,1945117,1945477,""coding_genes"""
"Chromosome,1945117,1945477,""coding_genes"""
"Chromosome,1950072,1950464,""coding_genes"""
"Chromosome,1950072,1950464,""coding_genes"""
"Chromosome,1959374,1959763,""coding_genes"""
"Chromosome,1967337,1967626,""coding_genes"""
"Chromosome,1969275,1969706,""coding_genes"""
"Chromosome,1969275,1969706,""coding_genes"""
"Chromosome,1975479,1975845,""coding_genes"""
"Chromosome,1996679,1997149,""coding_genes"""
"Chromosome,1998277,1998882,""coding_genes"""
"Chromosome,1998277,1998882,""coding_genes"""
"Chromosome,2002766,2003129,""coding_genes"""
"Chromosome,2006003,2006372,""coding_genes"""
"Chromosome,2006003,2006372,""coding_genes"""
"Chromosome,2021200,2021580,""coding_genes"""
"Chromosome,2040664,2041141,""coding_genes"""
"Chromosome,2044024,2044526,""coding_genes"""
"Chromosome,2044024,2044526,""coding_genes"""
"Chromosome,2060025,2060349,""coding_genes"""
"Chromosome,2061774,2062148,""coding_genes"""
"Chromosome,2066217,2066818,""coding_genes"""
"Chromosome,2066217,2066818,""coding_genes"""
"Chromosome,2077349,2078108,""coding_genes"""
"Chromosome,2077349,2078108,""coding_genes"""
"Chromosome,2081045,2081392,""coding_genes"""
"Chromosome,2097176,2097629,""coding_genes"""
"Chromosome,2097176,2097629,""coding_genes"""
"Chromosome,2101935,2102263,""coding_genes"""
"Chromosome,2106769,2107358,""coding_genes"""
"Chromosome,2120285,2120612,""coding_genes"""
"Chromosome,2127605,2127926,""coding_genes"""
"Chromosome,2128404,2128820,""coding_genes"""
"Chromosome,2128404,2128820,""coding_genes"""
"Chromosome,2134600,2135061,""coding_genes"""
"Chromosome,2134600,2135061,""coding_genes"""
"Chromosome,2144207,2144747,""coding_genes"""
"Chromosome,2144207,2144747,""coding_genes"""
"Chromosome,2148025,2148382,""coding_genes"""
"Chromosome,2150610,2150980,""coding_genes"""
"Chromosome,2155619,2156052,""coding_genes"""
"Chromosome,2157597,2158075,""coding_genes"""
"Chromosome,2157597,2158075,""coding_genes"""
"Chromosome,2176079,2177022,""coding_genes"""
"Chromosome,2177393,2177797,""coding_genes"""
"Chromosome,2177393,2177797,""coding_genes"""
"Chromosome,2185845,2186446,""coding_genes"""
"Chromosome,2189459,2189797,""coding_genes"""
"Chromosome,2190285,2190682,""coding_genes"""
"Chromosome,2191162,2191609,""coding_genes"""
"Chromosome,2191956,2192310,""coding_genes"""
"Chromosome,2194009,2194392,""coding_genes"""
"Chromosome,2194009,2194392,""coding_genes"""
"Chromosome,2202380,2202745,""coding_genes"""
"Chromosome,2202380,2202745,""coding_genes"""
"Chromosome,2207448,2208042,""coding_genes"""
"Chromosome,2209658,2210025,""coding_genes"""
"Chromosome,2215042,2215403,""coding_genes"""
"Chromosome,2215042,2215403,""coding_genes"""
"Chromosome,2216625,2216987,""coding_genes"""
"Chromosome,2220684,2221228,""coding_genes"""
"Chromosome,2220684,2221228,""coding_genes"""
"Chromosome,2225712,2226115,""coding_genes"""
"Chromosome,2226596,2227212,""coding_genes"""
"Chromosome,2226596,2227212,""coding_genes"""
"Chromosome,2232657,2233156,""coding_genes"""
"Chromosome,2235596,2236041,""coding_genes"""
"Chromosome,2242159,2242515,""coding_genes"""
"Chromosome,2248672,2249248,""coding_genes"""
"Chromosome,2248672,2249248,""coding_genes"""
"Chromosome,2255131,2255624,""coding_genes"""
"Chromosome,2258060,2258384,""coding_genes"""
"Chromosome,2261758,2262061,""coding_genes"""
"Chromosome,2264468,2264899,""coding_genes"""
"Chromosome,2264468,2264899,""coding_genes"""
"Chromosome,2270773,2271276,""coding_genes"""
"Chromosome,2270773,2271276,""coding_genes"""
"Chromosome,2271778,2272109,""coding_genes"""
"Chromosome,2273232,2273652,""coding_genes"""
"Chromosome,2273232,2273652,""coding_genes"""
"Chromosome,2276365,2276702,""coding_genes"""
"Chromosome,2283405,2283801,""coding_genes"""
"Chromosome,2283405,2283801,""coding_genes"""
"Chromosome,2286767,2287147,""coding_genes"""
"Chromosome,2287399,2287795,""coding_genes"""
"Chromosome,2298603,2299060,""coding_genes"""
"Chromosome,2301329,2301686,""coding_genes"""
"Chromosome,2308563,2308959,""coding_genes"""
"Chromosome,2309761,2310092,""coding_genes"""
"Chromosome,2314081,2314576,""coding_genes"""
"Chromosome,2314081,2314576,""coding_genes"""
"Chromosome,2319379,2319946,""coding_genes"""
"Chromosome,2319379,2319946,""coding_genes"""
"Chromosome,2322123,2322491,""coding_genes"""
"Chromosome,2322123,2322491,""coding_genes"""
"Chromosome,2324635,2325212,""coding_genes"""
"Chromosome,2324635,2325212,""coding_genes"""
"Chromosome,2332704,2333359,""coding_genes"""
"Chromosome,2332704,2333359,""coding_genes"""
"Chromosome,2340326,2340629,""coding_genes"""
"Chromosome,2340326,2340629,""coding_genes"""
"Chromosome,2342159,2342536,""coding_genes"""
"Chromosome,2342159,2342536,""coding_genes"""
"Chromosome,2344111,2344400,""coding_genes"""
"Chromosome,2348438,2348835,""coding_genes"""
"Chromosome,2357529,2357863,""coding_genes"""
"Chromosome,2360627,2361079,""coding_genes"""
"Chromosome,2360627,2361079,""coding_genes"""
"Chromosome,2361691,2362062,""coding_genes"""
"Chromosome,2362864,2363548,""coding_genes"""
"Chromosome,2362864,2363548,""coding_genes"""
"Chromosome,2364512,2365004,""coding_genes"""
"Chromosome,2364512,2365004,""coding_genes"""
"Chromosome,2366328,2366604,""coding_genes"""
"Chromosome,2371179,2371585,""coding_genes"""
"Chromosome,2371179,2371585,""coding_genes"""
"Chromosome,2380396,2381009,""coding_genes"""
"Chromosome,2400291,2400654,""coding_genes"""
"Chromosome,2400291,2400654,""coding_genes"""
"Chromosome,2401560,2401963,""coding_genes"""
"Chromosome,2416069,2416478,""coding_genes"""
"Chromosome,2416069,2416478,""coding_genes"""
"Chromosome,2416069,2416478,""coding_genes"""
"Chromosome,2419610,2420116,""coding_genes"""
"Chromosome,2423033,2423436,""coding_genes"""
"Chromosome,2423033,2423436,""coding_genes"""
"Chromosome,2430009,2430412,""coding_genes"""
"Chromosome,2430009,2430412,""coding_genes"""
"Chromosome,2431239,2431600,""coding_genes"""
"Chromosome,2434761,2435094,""coding_genes"""
"Chromosome,2434761,2435094,""coding_genes"""
"Chromosome,2437915,2438231,""coding_genes"""
"Chromosome,2449386,2449755,""coding_genes"""
"Chromosome,2464876,2465287,""coding_genes"""
"Chromosome,2464876,2465287,""coding_genes"""
"Chromosome,2471010,2471366,""coding_genes"""
"Chromosome,2471010,2471366,""coding_genes"""
"Chromosome,2485146,2485652,""coding_genes"""
"Chromosome,2489914,2490307,""coding_genes"""
"Chromosome,2489914,2490307,""coding_genes"""
"Chromosome,2491513,2491858,""coding_genes"""
"Chromosome,2491513,2491858,""coding_genes"""
"Chromosome,2506391,2506945,""coding_genes"""
"Chromosome,2506391,2506945,""coding_genes"""
"Chromosome,2508127,2508501,""coding_genes"""
"Chromosome,2509890,2510235,""coding_genes"""
"Chromosome,2509890,2510235,""coding_genes"""
"Chromosome,2516526,2516933,""coding_genes"""
"Chromosome,2517429,2517818,""coding_genes"""
"Chromosome,2517429,2517818,""coding_genes"""
"Chromosome,2518441,2518825,""coding_genes"""
"Chromosome,2520921,2521320,""coding_genes"""
"Chromosome,2522612,2522998,""coding_genes"""
"Chromosome,2522612,2522998,""coding_genes"""
"Chromosome,2524135,2524469,""coding_genes"""
"Chromosome,2533298,2533697,""coding_genes"""
"Chromosome,2533298,2533697,""coding_genes"""
"Chromosome,2539107,2539632,""coding_genes"""
"Chromosome,2539107,2539632,""coding_genes"""
"Chromosome,2551413,2551831,""coding_genes"""
"Chromosome,2556612,2556940,""coding_genes"""
"Chromosome,2559152,2559528,""coding_genes"""
"Chromosome,2629184,2629690,""coding_genes"""
"Chromosome,2629184,2629690,""coding_genes"""
"Chromosome,2629798,2630181,""coding_genes"""
"Chromosome,2645394,2645738,""coding_genes"""
"Chromosome,2645394,2645738,""coding_genes"""
"Chromosome,2649130,2649535,""coding_genes"""
"Chromosome,2675676,2676019,""coding_genes"""
"Chromosome,2675676,2676019,""coding_genes"""
"Chromosome,2691511,2691967,""coding_genes"""
"Chromosome,2691511,2691967,""coding_genes"""
"Chromosome,2699424,2699782,""coding_genes"""
"Chromosome,2699424,2699782,""coding_genes"""
"Chromosome,2703697,2704237,""coding_genes"""
"Chromosome,2703697,2704237,""coding_genes"""
"Chromosome,2708754,2709104,""coding_genes"""
"Chromosome,2710045,2710406,""coding_genes"""
"Chromosome,2723617,2724144,""coding_genes"""
"Chromosome,2723617,2724144,""coding_genes"""
"Chromosome,2727154,2727565,""coding_genes"""
"Chromosome,2727154,2727565,""coding_genes"""
"Chromosome,2730171,2730577,""coding_genes"""
"Chromosome,2745813,2746182,""coding_genes"""
"Chromosome,2750670,2751041,""coding_genes"""
"Chromosome,2751271,2751634,""coding_genes"""
"Chromosome,2751271,2751634,""coding_genes"""
"Chromosome,2755950,2756332,""coding_genes"""
"Chromosome,2755950,2756332,""coding_genes"""
"Chromosome,2756778,2757181,""coding_genes"""
"Chromosome,2757853,2758606,""coding_genes"""
"Chromosome,2759534,2759880,""coding_genes"""
"Chromosome,2766286,2766803,""coding_genes"""
"Chromosome,2772423,2772669,""coding_genes"""
"Chromosome,2778411,2778833,""coding_genes"""
"Chromosome,2778411,2778833,""coding_genes"""
"Chromosome,647188,647551,""coding_genes"""
"Chromosome,647188,647551,""coding_genes"""
"Chromosome,2786747,2787326,""coding_genes"""
"Chromosome,2786747,2787326,""coding_genes"""
"Chromosome,2802919,2803295,""coding_genes"""
"Chromosome,2810471,2810882,""coding_genes"""
"Chromosome,2812877,2813301,""coding_genes"""
"Chromosome,2819330,2819693,""coding_genes"""
"Chromosome,2826047,2826363,""coding_genes"""
"Chromosome,2826047,2826363,""coding_genes"""
"Chromosome,2829180,2829588,""coding_genes"""
"Chromosome,2835826,2836185,""coding_genes"""
"Chromosome,2838521,2838790,""coding_genes"""
"Chromosome,2841403,2841769,""coding_genes"""
"Chromosome,2841403,2841769,""coding_genes"""
"Chromosome,2843987,2844357,""coding_genes"""
"Chromosome,2845364,2845878,""coding_genes"""
"Chromosome,2847274,2847990,""coding_genes"""
"Chromosome,2848051,2848850,""coding_genes"""
"Chromosome,2848051,2848850,""coding_genes"""
"Chromosome,2851626,2852046,""coding_genes"""
"Chromosome,2851626,2852046,""coding_genes"""
"Chromosome,2854418,2854753,""coding_genes"""
"Chromosome,2854418,2854753,""coding_genes"""
"Chromosome,2859899,2860221,""coding_genes"""
"Chromosome,2870577,2870969,""coding_genes"""
"Chromosome,2870577,2870969,""coding_genes"""
"Chromosome,2880181,2880547,""coding_genes"""
"Chromosome,2883862,2884218,""coding_genes"""
"Chromosome,2883862,2884218,""coding_genes"""
"Chromosome,2883862,2884218,""coding_genes"""
"Chromosome,2886507,2887010,""coding_genes"""
"Chromosome,2886507,2887010,""coding_genes"""
"Chromosome,2888124,2888463,""coding_genes"""
"Chromosome,2907478,2907901,""coding_genes"""
"Chromosome,2907478,2907901,""coding_genes"""
"Chromosome,2918240,2918672,""coding_genes"""
"Chromosome,2918240,2918672,""coding_genes"""
"Chromosome,2919553,2919923,""coding_genes"""
"Chromosome,2919553,2919923,""coding_genes"""
"Chromosome,2924190,2924542,""coding_genes"""
"Chromosome,2929348,2929745,""coding_genes"""
"Chromosome,2983957,2984378,""coding_genes"""
"Chromosome,2987365,2987694,""coding_genes"""
"Chromosome,3019759,3020087,""coding_genes"""
"Chromosome,3046032,3046416,""coding_genes"""
"Chromosome,3046751,3047233,""coding_genes"""
"Chromosome,3046751,3047233,""coding_genes"""
"Chromosome,3053574,3054214,""coding_genes"""
"Chromosome,3061337,3061703,""coding_genes"""
"Chromosome,3071950,3072315,""coding_genes"""
"Chromosome,3080173,3080525,""coding_genes"""
"Chromosome,3082036,3082444,""coding_genes"""
"Chromosome,3083988,3084329,""coding_genes"""
"Chromosome,3083988,3084329,""coding_genes"""
"Chromosome,3085147,3085454,""coding_genes"""
"Chromosome,3090795,3091122,""coding_genes"""
"Chromosome,3094906,3095544,""coding_genes"""
"Chromosome,3094906,3095544,""coding_genes"""
"Chromosome,3100374,3100733,""coding_genes"""
"Chromosome,3116742,3117137,""coding_genes"""
"Chromosome,3123226,3123634,""coding_genes"""
"Chromosome,3134089,3134490,""coding_genes"""
"Chromosome,3150570,3150954,""coding_genes"""
"Chromosome,3150570,3150954,""coding_genes"""
"Chromosome,3154472,3154872,""coding_genes"""
"Chromosome,3154472,3154872,""coding_genes"""
"Chromosome,3163001,3163359,""coding_genes"""
"Chromosome,3163001,3163359,""coding_genes"""
"Chromosome,3166398,3166814,""coding_genes"""
"Chromosome,3166398,3166814,""coding_genes"""
"Chromosome,3171866,3172265,""coding_genes"""
"Chromosome,3171866,3172265,""coding_genes"""
"Chromosome,3176870,3177184,""coding_genes"""
"Chromosome,3176870,3177184,""coding_genes"""
"Chromosome,3186136,3186493,""coding_genes"""
"Chromosome,3189003,3189368,""coding_genes"""
"Chromosome,3198428,3198740,""coding_genes"""
"Chromosome,3203858,3204207,""coding_genes"""
"Chromosome,3206645,3207151,""coding_genes"""
"Chromosome,3208376,3208896,""coding_genes"""
"Chromosome,3223862,3224222,""coding_genes"""
"Chromosome,3227357,3227708,""coding_genes"""
"Chromosome,3230420,3230805,""coding_genes"""
"Chromosome,3230420,3230805,""coding_genes"""
"Chromosome,3231770,3232167,""coding_genes"""
"Chromosome,3233092,3233448,""coding_genes"""
"Chromosome,3236223,3236816,""coding_genes"""
"Chromosome,3236223,3236816,""coding_genes"""
"Chromosome,3254946,3255315,""coding_genes"""
"Chromosome,3273511,3274054,""coding_genes"""
"Chromosome,3279624,3280165,""coding_genes"""
"Chromosome,3279624,3280165,""coding_genes"""
"Chromosome,3283576,3284005,""coding_genes"""
"Chromosome,3289375,3289725,""coding_genes"""
"Chromosome,3290621,3290916,""coding_genes"""
"Chromosome,3290621,3290916,""coding_genes"""
"Chromosome,3306590,3306978,""coding_genes"""
"Chromosome,3314222,3314605,""coding_genes"""
"Chromosome,3314222,3314605,""coding_genes"""
"Chromosome,3321284,3321674,""coding_genes"""
"Chromosome,3330526,3330883,""coding_genes"""
"Chromosome,3330526,3330883,""coding_genes"""
"Chromosome,3322096,3322436,""coding_genes"""
"Chromosome,3344088,3344452,""coding_genes"""
"Chromosome,3344088,3344452,""coding_genes"""
"Chromosome,3353732,3354234,""coding_genes"""
"Chromosome,3353732,3354234,""coding_genes"""
"Chromosome,3356502,3357058,""coding_genes"""
"Chromosome,3356502,3357058,""coding_genes"""
"Chromosome,3360351,3360803,""coding_genes"""
"Chromosome,3360351,3360803,""coding_genes"""
"Chromosome,3377039,3377451,""coding_genes"""
"Chromosome,3380751,3381529,""coding_genes"""
"Chromosome,3387763,3388191,""coding_genes"""
"Chromosome,3397216,3397572,""coding_genes"""
"Chromosome,3408201,3408526,""coding_genes"""
"Chromosome,3411980,3412345,""coding_genes"""
"Chromosome,3418528,3419025,""coding_genes"""
"Chromosome,3418528,3419025,""coding_genes"""
"Chromosome,3421155,3421535,""coding_genes"""
"Chromosome,3421972,3422551,""coding_genes"""
"Chromosome,3421972,3422551,""coding_genes"""
"Chromosome,3421972,3422551,""coding_genes"""
"Chromosome,3423703,3424087,""coding_genes"""
"Chromosome,3424849,3425244,""coding_genes"""
"Chromosome,3446874,3447215,""coding_genes"""
"Chromosome,3448840,3449210,""coding_genes"""
"Chromosome,3461043,3461445,""coding_genes"""
"Chromosome,3461043,3461445,""coding_genes"""
"Chromosome,3479168,3479539,""coding_genes"""
"Chromosome,3479168,3479539,""coding_genes"""
"Chromosome,3481733,3482106,""coding_genes"""
"Chromosome,3483070,3483367,""coding_genes"""
"Chromosome,3492809,3493177,""coding_genes"""
"Chromosome,3494333,3494629,""coding_genes"""
"Chromosome,3511104,3511783,""coding_genes"""
"Chromosome,3511104,3511783,""coding_genes"""
"Chromosome,3602404,3602770,""coding_genes"""
"Chromosome,3619366,3619727,""coding_genes"""
"Chromosome,3619366,3619727,""coding_genes"""
"Chromosome,3639960,3640304,""coding_genes"""
"Chromosome,3642128,3642452,""coding_genes"""
"Chromosome,3648460,3648843,""coding_genes"""
"Chromosome,3648460,3648843,""coding_genes"""
"Chromosome,3653883,3654311,""coding_genes"""
"Chromosome,3653883,3654311,""coding_genes"""
"Chromosome,3662855,3663218,""coding_genes"""
"Chromosome,3664899,3665323,""coding_genes"""
"Chromosome,3672830,3673584,""coding_genes"""
"Chromosome,3673769,3674087,""coding_genes"""
"Chromosome,3673769,3674087,""coding_genes"""
"Chromosome,3674920,3675283,""coding_genes"""
"Chromosome,3678683,3679011,""coding_genes"""
"Chromosome,3679794,3680509,""coding_genes"""
"Chromosome,3679794,3680509,""coding_genes"""
"Chromosome,3690681,3691353,""coding_genes"""
"Chromosome,3704483,3704803,""coding_genes"""
"Chromosome,3711931,3712281,""coding_genes"""
"Chromosome,3714059,3714532,""coding_genes"""
"Chromosome,3715334,3715660,""coding_genes"""
"Chromosome,3725341,3725697,""coding_genes"""
"Chromosome,3725341,3725697,""coding_genes"""
"Chromosome,3727173,3727470,""coding_genes"""
"Chromosome,3727173,3727470,""coding_genes"""
"Chromosome,3738872,3739542,""coding_genes"""
"Chromosome,3738872,3739542,""coding_genes"""
"Chromosome,3741517,3742116,""coding_genes"""
"Chromosome,3748711,3749055,""coding_genes"""
"Chromosome,3748711,3749055,""coding_genes"""
"Chromosome,3765571,3765935,""coding_genes"""
"Chromosome,3769992,3770390,""coding_genes"""
"Chromosome,3770815,3771145,""coding_genes"""
"Chromosome,3774681,3775292,""coding_genes"""
"Chromosome,3774681,3775292,""coding_genes"""
"Chromosome,3787679,3788279,""coding_genes"""
"Chromosome,3808284,3808676,""coding_genes"""
"Chromosome,3831356,3831750,""coding_genes"""
"Chromosome,3854174,3854921,""coding_genes"""
"Chromosome,3858401,3858800,""coding_genes"""
"Chromosome,3862761,3863229,""coding_genes"""
"Chromosome,3886870,3887234,""coding_genes"""
"Chromosome,3914723,3915026,""coding_genes"""
"Chromosome,3917826,3918187,""coding_genes"""
"Chromosome,3924536,3924891,""coding_genes"""
"Chromosome,3924536,3924891,""coding_genes"""
"Chromosome,3933475,3933880,""coding_genes"""
"Chromosome,3943128,3943486,""coding_genes"""
"Chromosome,3949961,3950404,""coding_genes"""
"Chromosome,3957680,3958379,""coding_genes"""
"Chromosome,3957680,3958379,""coding_genes"""
"Chromosome,3960930,3961398,""coding_genes"""
"Chromosome,3960930,3961398,""coding_genes"""
"Chromosome,3979603,3979958,""coding_genes"""
"Chromosome,3985634,3985980,""coding_genes"""
"Chromosome,3985634,3985980,""coding_genes"""
"Chromosome,3989795,3990159,""coding_genes"""
"Chromosome,3989795,3990159,""coding_genes"""
"Chromosome,3995577,3995915,""coding_genes"""
"Chromosome,3995577,3995915,""coding_genes"""
"Chromosome,3997864,3998200,""coding_genes"""
"Chromosome,3997864,3998200,""coding_genes"""
"Chromosome,4004776,4005141,""coding_genes"""
"Chromosome,4008156,4008522,""coding_genes"""
"Chromosome,4008156,4008522,""coding_genes"""
"Chromosome,4010163,4010517,""coding_genes"""
"Chromosome,4010163,4010517,""coding_genes"""
"Chromosome,4038376,4038770,""coding_genes"""
"Chromosome,4042902,4043240,""coding_genes"""
"Chromosome,4043761,4044154,""coding_genes"""
"Chromosome,4043761,4044154,""coding_genes"""
"Chromosome,4053917,4054391,""coding_genes"""
"Chromosome,4053917,4054391,""coding_genes"""
"Chromosome,4059359,4059636,""coding_genes"""
"Chromosome,4061770,4062369,""coding_genes"""
"Chromosome,4061770,4062369,""coding_genes"""
"Chromosome,4064399,4064796,""coding_genes"""
"Chromosome,4064399,4064796,""coding_genes"""
"Chromosome,4067302,4067860,""coding_genes"""
"Chromosome,4067302,4067860,""coding_genes"""
"Chromosome,4068535,4069049,""coding_genes"""
"Chromosome,4068535,4069049,""coding_genes"""
"Chromosome,4070896,4071256,""coding_genes"""
"Chromosome,4085884,4086176,""coding_genes"""
"Chromosome,4085884,4086176,""coding_genes"""
"Chromosome,4090362,4090684,""coding_genes"""
"Chromosome,4099287,4099614,""coding_genes"""
"Chromosome,4105045,4105434,""coding_genes"""
"Chromosome,4118993,4119509,""coding_genes"""
"Chromosome,4120007,4120319,""coding_genes"""
"Chromosome,4140085,4140417,""coding_genes"""
"Chromosome,4140085,4140417,""coding_genes"""
"Chromosome,4141153,4141535,""coding_genes"""
"Chromosome,4152856,4153202,""coding_genes"""
"Chromosome,4169468,4169791,""coding_genes"""
"Chromosome,4174386,4174782,""coding_genes"""
"Chromosome,4174386,4174782,""coding_genes"""
"Chromosome,4179390,4179787,""coding_genes"""
"Chromosome,4179390,4179787,""coding_genes"""
"Chromosome,4186497,4186855,""coding_genes"""
"Chromosome,4186497,4186855,""coding_genes"""
"Chromosome,4198113,4198494,""coding_genes"""
"Chromosome,4200323,4200826,""coding_genes"""
"Chromosome,4200323,4200826,""coding_genes"""
"Chromosome,4204980,4205347,""coding_genes"""
"Chromosome,4204980,4205347,""coding_genes"""
"Chromosome,4223551,4223863,""coding_genes"""
"Chromosome,4226720,4227416,""coding_genes"""
"Chromosome,4233395,4233717,""coding_genes"""
"Chromosome,4238102,4238542,""coding_genes"""
"Chromosome,4238102,4238542,""coding_genes"""
"Chromosome,4238997,4239391,""coding_genes"""
"Chromosome,4238997,4239391,""coding_genes"""
"Chromosome,4243213,4243516,""coding_genes"""
"Chromosome,4243634,4244058,""coding_genes"""
"Chromosome,4251651,4251955,""coding_genes"""
"Chromosome,4251651,4251955,""coding_genes"""
"Chromosome,4252651,4252998,""coding_genes"""
"Chromosome,4258288,4258633,""coding_genes"""
"Chromosome,4258741,4259099,""coding_genes"""
"Chromosome,4265377,4265765,""coding_genes"""
"Chromosome,4268388,4268713,""coding_genes"""
"Chromosome,4269776,4270084,""coding_genes"""
"Chromosome,4272663,4273158,""coding_genes"""
"Chromosome,4272663,4273158,""coding_genes"""
"Chromosome,4273394,4273741,""coding_genes"""
"Chromosome,4273394,4273741,""coding_genes"""
"Chromosome,4287482,4287795,""coding_genes"""
"Chromosome,4289921,4290357,""coding_genes"""
"Chromosome,4289921,4290357,""coding_genes"""
"Chromosome,4302850,4303291,""coding_genes"""
"Chromosome,4302850,4303291,""coding_genes"""
"Chromosome,4306216,4306559,""coding_genes"""
"Chromosome,4306216,4306559,""coding_genes"""
"Chromosome,4313565,4313946,""coding_genes"""
"Chromosome,4315175,4315507,""coding_genes"""
"Chromosome,4321396,4321758,""coding_genes"""
"Chromosome,4321396,4321758,""coding_genes"""
"Chromosome,4326593,4326967,""coding_genes"""
"Chromosome,4336256,4336611,""coding_genes"""
"Chromosome,4337550,4337853,""coding_genes"""
"Chromosome,4337550,4337853,""coding_genes"""
"Chromosome,4340670,4340995,""coding_genes"""
"Chromosome,4350777,4351068,""coding_genes"""
"Chromosome,4361662,4362004,""coding_genes"""
"Chromosome,4369648,4369975,""coding_genes"""
"Chromosome,4371924,4372273,""coding_genes"""
"Chromosome,4373453,4374069,""coding_genes"""
"Chromosome,4373453,4374069,""coding_genes"""
"Chromosome,4379071,4379422,""coding_genes"""
"Chromosome,4379071,4379422,""coding_genes"""
"Chromosome,4387121,4387715,""coding_genes"""
"Chromosome,4407255,4407951,""coding_genes"""
"Chromosome,4407255,4407951,""coding_genes"""
"Chromosome,4424344,4424758,""coding_genes"""
"Chromosome,4424344,4424758,""coding_genes"""
"Chromosome,4433425,4433824,""coding_genes"""
"Chromosome,4435294,4435655,""coding_genes"""
"Chromosome,4437045,4437336,""coding_genes"""
"Chromosome,4437045,4437336,""coding_genes"""
"Chromosome,4446967,4447316,""coding_genes"""
"Chromosome,4448941,4449319,""coding_genes"""
"Chromosome,4448941,4449319,""coding_genes"""
"Chromosome,4456766,4457269,""coding_genes"""
"Chromosome,4460944,4461242,""coding_genes"""
"Chromosome,4463095,4463469,""coding_genes"""
"Chromosome,4470592,4471060,""coding_genes"""
"Chromosome,4470592,4471060,""coding_genes"""
"Chromosome,4479140,4479501,""coding_genes"""
"Chromosome,4482260,4482625,""coding_genes"""
"Chromosome,4484834,4485470,""coding_genes"""
"Chromosome,4490435,4491223,""coding_genes"""
"Chromosome,4493796,4494216,""coding_genes"""
"Chromosome,4505252,4505643,""coding_genes"""
"Chromosome,4506863,4507297,""coding_genes"""
"Chromosome,4514946,4515428,""coding_genes"""
"Chromosome,4515607,4515922,""coding_genes"""
"Chromosome,4524592,4524963,""coding_genes"""
"Chromosome,4524592,4524963,""coding_genes"""
"Chromosome,4545490,4546223,""coding_genes"""
"Chromosome,4546933,4547293,""coding_genes"""
"Chromosome,4549912,4550222,""coding_genes"""
"Chromosome,4551572,4551936,""coding_genes"""
"Chromosome,4551572,4551936,""coding_genes"""
"Chromosome,4576981,4577372,""coding_genes"""
"Chromosome,4576981,4577372,""coding_genes"""
"Chromosome,4580606,4580914,""coding_genes"""
"Chromosome,4582131,4582439,""coding_genes"""
"Chromosome,4588400,4588768,""coding_genes"""
"Chromosome,4588400,4588768,""coding_genes"""
"Chromosome,4589279,4589969,""coding_genes"""
"Chromosome,4589279,4589969,""coding_genes"""
"Chromosome,4590395,4590738,""coding_genes"""
"Chromosome,4590872,4591193,""coding_genes"""
"Chromosome,4595478,4595774,""coding_genes"""
"Chromosome,4617846,4618184,""coding_genes"""
"Chromosome,4617846,4618184,""coding_genes"""
"Chromosome,4620024,4620387,""coding_genes"""
"Chromosome,4620024,4620387,""coding_genes"""
"Chromosome,4632028,4632382,""coding_genes"""
"Chromosome,4633025,4633347,""coding_genes"""
"Chromosome,4633025,4633347,""coding_genes"""
"Chromosome,4635966,4636255,""coding_genes"""
"Chromosome,4636541,4636905,""coding_genes"""
"Chromosome,4646183,4646654,""coding_genes"""
"Chromosome,4662765,4663230,""coding_genes"""
"Chromosome,4662765,4663230,""coding_genes"""
"Chromosome,4666082,4666562,""coding_genes"""
"Chromosome,4666903,4667257,""coding_genes"""
"Chromosome,4668418,4668767,""coding_genes"""
"Chromosome,4669942,4670328,""coding_genes"""
"Chromosome,4674273,4674679,""coding_genes"""
"Chromosome,4675157,4675476,""coding_genes"""
"Chromosome,4675157,4675476,""coding_genes"""
"Chromosome,4675157,4675476,""coding_genes"""
"Chromosome,4693423,4693803,""coding_genes"""
"Chromosome,4693423,4693803,""coding_genes"""
"Chromosome,4695325,4695601,""coding_genes"""
"Chromosome,4695325,4695601,""coding_genes"""
"Chromosome,4697125,4697424,""coding_genes"""
"Chromosome,4708238,4708551,""coding_genes"""
"Chromosome,4708238,4708551,""coding_genes"""
"Chromosome,4710089,4710458,""coding_genes"""
"Chromosome,4710836,4711138,""coding_genes"""
"Chromosome,4713999,4714301,""coding_genes"""
"Chromosome,4716269,4716627,""coding_genes"""
"Chromosome,4718057,4718406,""coding_genes"""
"Chromosome,4718057,4718406,""coding_genes"""
"Chromosome,4724723,4725074,""coding_genes"""
"Chromosome,4724723,4725074,""coding_genes"""
"Chromosome,4729188,4729597,""coding_genes"""
"Chromosome,4729188,4729597,""coding_genes"""
"Chromosome,4734480,4734894,""coding_genes"""
"Chromosome,4734480,4734894,""coding_genes"""
"Chromosome,4741273,4741734,""coding_genes"""
"Chromosome,4741273,4741734,""coding_genes"""
"Chromosome,4748627,4748968,""coding_genes"""
"Chromosome,4748627,4748968,""coding_genes"""
"Chromosome,4750631,4751005,""coding_genes"""
"Chromosome,4750631,4751005,""coding_genes"""
"Chromosome,4769357,4769842,""coding_genes"""
"Chromosome,4769357,4769842,""coding_genes"""
"Chromosome,4788343,4788634,""coding_genes"""
"Chromosome,4788343,4788634,""coding_genes"""
"Chromosome,4805649,4805960,""coding_genes"""
"Chromosome,4808671,4809043,""coding_genes"""
"Chromosome,4808671,4809043,""coding_genes"""
"Chromosome,4821069,4821379,""coding_genes"""
"Chromosome,4821069,4821379,""coding_genes"""
"Chromosome,4827851,4828297,""coding_genes"""
"Chromosome,4827851,4828297,""coding_genes"""
"Chromosome,4829391,4829825,""coding_genes"""
"Chromosome,4831520,4831798,""coding_genes"""
"Chromosome,4831520,4831798,""coding_genes"""
"Chromosome,4839058,4839363,""coding_genes"""
"Chromosome,4847869,4848238,""coding_genes"""
"Chromosome,4847869,4848238,""coding_genes"""
"Chromosome,4850518,4850872,""coding_genes"""
"Chromosome,4852929,4853206,""coding_genes"""
"Chromosome,4852929,4853206,""coding_genes"""
"Chromosome,4859499,4859842,""coding_genes"""
"Chromosome,4862411,4862970,""coding_genes"""
"Chromosome,4863518,4863814,""coding_genes"""
"Chromosome,4864317,4864790,""coding_genes"""
"Chromosome,4868878,4869277,""coding_genes"""
"Chromosome,4882508,4882836,""coding_genes"""
"Chromosome,4882508,4882836,""coding_genes"""
"Chromosome,4886541,4887067,""coding_genes"""
"Chromosome,4886541,4887067,""coding_genes"""
"Chromosome,4890375,4890724,""coding_genes"""
"Chromosome,4907098,4907477,""coding_genes"""
"Chromosome,4909407,4909775,""coding_genes"""
"Chromosome,4909407,4909775,""coding_genes"""
"Chromosome,4913050,4913402,""coding_genes"""
"Chromosome,4915709,4916098,""coding_genes"""
"Chromosome,4916194,4916551,""coding_genes"""
"Chromosome,4922466,4922757,""coding_genes"""
"Chromosome,4925900,4926367,""coding_genes"""
"Chromosome,4925900,4926367,""coding_genes"""
"Chromosome,4926971,4927301,""coding_genes"""
"Chromosome,4935565,4935899,""coding_genes"""
"Chromosome,4938339,4938847,""coding_genes"""
"Chromosome,4944736,4945114,""coding_genes"""
"Chromosome,4946718,4947084,""coding_genes"""
"Chromosome,4963809,4964201,""coding_genes"""
"Chromosome,4967693,4968062,""coding_genes"""
"Chromosome,4974599,4974934,""coding_genes"""
"Chromosome,4976290,4976639,""coding_genes"""
"Chromosome,4976290,4976639,""coding_genes"""
"Chromosome,4979913,4980628,""coding_genes"""
"Chromosome,4979913,4980628,""coding_genes"""
"Chromosome,5002146,5002474,""coding_genes"""
"Chromosome,5004659,5005021,""coding_genes"""
"Chromosome,5009915,5010245,""coding_genes"""
"Chromosome,5009915,5010245,""coding_genes"""
"Chromosome,5013266,5013575,""coding_genes"""
"Chromosome,5013266,5013575,""coding_genes"""
"Chromosome,5019248,5019587,""coding_genes"""
"Chromosome,5038196,5038695,""coding_genes"""
"Chromosome,5061122,5061663,""coding_genes"""
"Chromosome,5061122,5061663,""coding_genes"""
"Chromosome,5070809,5071402,""coding_genes"""
"Chromosome,5070809,5071402,""coding_genes"""
"Chromosome,5072597,5072971,""coding_genes"""
"Chromosome,5076010,5076387,""coding_genes"""
"Chromosome,5077462,5078093,""coding_genes"""
"Chromosome,5087474,5087781,""coding_genes"""
"Chromosome,5087474,5087781,""coding_genes"""
"Chromosome,5088556,5089001,""coding_genes"""
"Chromosome,5091822,5092197,""coding_genes"""
"Chromosome,5107945,5108271,""coding_genes"""
"Chromosome,5116150,5116612,""coding_genes"""
"Chromosome,5116910,5117385,""coding_genes"""
"Chromosome,5116910,5117385,""coding_genes"""
"Chromosome,5122572,5122963,""coding_genes"""
"Chromosome,5123732,5124067,""coding_genes"""
"Chromosome,5126959,5127502,""coding_genes"""
"Chromosome,5134433,5134829,""coding_genes"""
"Chromosome,5137384,5137698,""coding_genes"""
"Chromosome,5138535,5138902,""coding_genes"""
"Chromosome,5140470,5140877,""coding_genes"""
"Chromosome,5147070,5147498,""coding_genes"""
"Chromosome,5158326,5158693,""coding_genes"""
"Chromosome,5158326,5158693,""coding_genes"""
"Chromosome,5162588,5162943,""coding_genes"""
"Chromosome,5162588,5162943,""coding_genes"""
"Chromosome,5172478,5172808,""coding_genes"""
"Chromosome,5181145,5181485,""coding_genes"""
"Chromosome,5182823,5183132,""coding_genes"""
"Chromosome,5188889,5189247,""coding_genes"""
"Chromosome,5191173,5191529,""coding_genes"""
"Chromosome,5204839,5205307,""coding_genes"""
"Chromosome,5204839,5205307,""coding_genes"""
"Chromosome,5209558,5210124,""coding_genes"""
"Chromosome,5234699,5235067,""coding_genes"""
"Chromosome,5238183,5238500,""coding_genes"""
"Chromosome,5238183,5238500,""coding_genes"""
"Chromosome,5241052,5241390,""coding_genes"""
"Chromosome,5241052,5241390,""coding_genes"""
"Chromosome,5253690,5254166,""coding_genes"""
"Chromosome,5253690,5254166,""coding_genes"""
"Chromosome,5253690,5254166,""coding_genes"""
"Chromosome,5255429,5255741,""coding_genes"""
"Chromosome,5257247,5257600,""coding_genes"""
"Chromosome,5271331,5271709,""coding_genes"""
"Chromosome,5271331,5271709,""coding_genes"""
"Chromosome,5279658,5280045,""coding_genes"""
"Chromosome,5279658,5280045,""coding_genes"""
"Chromosome,5279658,5280045,""coding_genes"""
"Chromosome,5287749,5288114,""coding_genes"""
"Chromosome,5288509,5288904,""coding_genes"""
"Chromosome,5288509,5288904,""coding_genes"""
"Chromosome,5315376,5315799,""coding_genes"""
"Chromosome,5340043,5340375,""coding_genes"""
"Chromosome,5340043,5340375,""coding_genes"""
"Chromosome,5348025,5348424,""coding_genes"""
"Chromosome,5348025,5348424,""coding_genes"""
"Chromosome,5352374,5352756,""coding_genes"""
"Chromosome,5352374,5352756,""coding_genes"""
"Chromosome,5353987,5354372,""coding_genes"""
"Chromosome,5356923,5357328,""coding_genes"""
"Chromosome,5356923,5357328,""coding_genes"""
"Chromosome,5358371,5358831,""coding_genes"""
"Chromosome,5360501,5360847,""coding_genes"""
"Chromosome,5360501,5360847,""coding_genes"""
"Chromosome,5368246,5368803,""coding_genes"""
"Chromosome,5378564,5378966,""coding_genes"""
"Chromosome,5378564,5378966,""coding_genes"""
"Chromosome,5397880,5398221,""coding_genes"""
"Chromosome,5400338,5400797,""coding_genes"""
"Chromosome,5400988,5401362,""coding_genes"""
"Chromosome,5400988,5401362,""coding_genes"""
"Chromosome,5405682,5406061,""coding_genes"""
"Chromosome,5405682,5406061,""coding_genes"""
"Chromosome,5405682,5406061,""coding_genes"""
"Chromosome,5415791,5416310,""coding_genes"""
"Chromosome,5415791,5416310,""coding_genes"""
"Chromosome,5421461,5421943,""coding_genes"""
"Chromosome,5432928,5433394,""coding_genes"""
"Chromosome,5455542,5456295,""coding_genes"""
"Chromosome,5462380,5462775,""coding_genes"""
"Chromosome,5464231,5464820,""coding_genes"""
"Chromosome,5479622,5479988,""coding_genes"""
"Chromosome,5485304,5485821,""coding_genes"""
"Chromosome,5485304,5485821,""coding_genes"""
"Chromosome,5487976,5488394,""coding_genes"""
"Chromosome,5487976,5488394,""coding_genes"""
"Chromosome,5494535,5494828,""coding_genes"""
"Chromosome,5497819,5498171,""coding_genes"""
"Chromosome,5497819,5498171,""coding_genes"""
"Chromosome,5500236,5500706,""coding_genes"""
"Chromosome,5500236,5500706,""coding_genes"""
"Chromosome,5518869,5519495,""coding_genes"""
"Chromosome,5540813,5541157,""coding_genes"""
"Chromosome,5541924,5542324,""coding_genes"""
"Chromosome,5554269,5554761,""coding_genes"""
"Chromosome,5571580,5571956,""coding_genes"""
"Chromosome,5571580,5571956,""coding_genes"""
"Chromosome,5572176,5572544,""coding_genes"""
"Chromosome,5573118,5573404,""coding_genes"""
"Chromosome,5573118,5573404,""coding_genes"""
"Chromosome,5589332,5589749,""coding_genes"""
"Chromosome,5589332,5589749,""coding_genes"""
"Chromosome,5592148,5592557,""coding_genes"""
"Chromosome,5592148,5592557,""coding_genes"""
"Chromosome,5593386,5593785,""coding_genes"""
"Chromosome,5593386,5593785,""coding_genes"""
"Chromosome,5597408,5597762,""coding_genes"""
"Chromosome,5600038,5600386,""coding_genes"""
"Chromosome,5605120,5605493,""coding_genes"""
"Chromosome,5605120,5605493,""coding_genes"""
"Chromosome,5607260,5607616,""coding_genes"""
"Chromosome,5607260,5607616,""coding_genes"""
"Chromosome,5608102,5608456,""coding_genes"""
"Chromosome,5615087,5615521,""coding_genes"""
"Chromosome,5615087,5615521,""coding_genes"""
"Chromosome,5616935,5617300,""coding_genes"""
"Chromosome,5617710,5618013,""coding_genes"""
"Chromosome,5618144,5618667,""coding_genes"""
"Chromosome,5618144,5618667,""coding_genes"""
"Chromosome,5619144,5619497,""coding_genes"""
"Chromosome,5626210,5626574,""coding_genes"""
"Chromosome,5633773,5634148,""coding_genes"""
"Chromosome,5633773,5634148,""coding_genes"""
"Chromosome,5641621,5642017,""coding_genes"""
"Chromosome,5646951,5647306,""coding_genes"""
"Chromosome,5657286,5657755,""coding_genes"""
"Chromosome,5657286,5657755,""coding_genes"""
"Chromosome,5659228,5659530,""coding_genes"""
"Chromosome,5664354,5665063,""coding_genes"""
"Chromosome,5667161,5667577,""coding_genes"""
"Chromosome,5676166,5676481,""coding_genes"""
"Chromosome,5678727,5679153,""coding_genes"""
"Chromosome,5692123,5692477,""coding_genes"""
"Chromosome,5692123,5692477,""coding_genes"""
"Chromosome,5699597,5699965,""coding_genes"""
"Chromosome,5701982,5702478,""coding_genes"""
"Chromosome,5703217,5703624,""coding_genes"""
"Chromosome,5703217,5703624,""coding_genes"""
"Chromosome,5705821,5706200,""coding_genes"""
"Chromosome,5705821,5706200,""coding_genes"""
"Chromosome,5713785,5714074,""coding_genes"""
"Chromosome,5714507,5714921,""coding_genes"""
"Chromosome,5714507,5714921,""coding_genes"""
"Chromosome,5719507,5720220,""coding_genes"""
"Chromosome,5719507,5720220,""coding_genes"""
"Chromosome,5722636,5722942,""coding_genes"""
"Chromosome,5753523,5754111,""coding_genes"""
"Chromosome,5761565,5762124,""coding_genes"""
"Chromosome,5761565,5762124,""coding_genes"""
"Chromosome,5770460,5770772,""coding_genes"""
"Chromosome,5770460,5770772,""coding_genes"""
"Chromosome,5798393,5799048,""coding_genes"""
"Chromosome,5798393,5799048,""coding_genes"""
"Chromosome,5818593,5819093,""coding_genes"""
"Chromosome,5821988,5822365,""coding_genes"""
"Chromosome,5824533,5824936,""coding_genes"""
"Chromosome,5825630,5826048,""coding_genes"""
"Chromosome,5829737,5830156,""coding_genes"""
"Chromosome,5834975,5835365,""coding_genes"""
"Chromosome,5836440,5836869,""coding_genes"""
"Chromosome,5837090,5837444,""coding_genes"""
"Chromosome,5844041,5844404,""coding_genes"""
"Chromosome,5854407,5854784,""coding_genes"""
"Chromosome,5857945,5858487,""coding_genes"""
"Chromosome,5857945,5858487,""coding_genes"""
"Chromosome,5859914,5860300,""coding_genes"""
"Chromosome,5859914,5860300,""coding_genes"""
"Chromosome,5865474,5865967,""coding_genes"""
"Chromosome,5869780,5870587,""coding_genes"""
"Chromosome,5869780,5870587,""coding_genes"""
"Chromosome,5877763,5878161,""coding_genes"""
"Chromosome,5879929,5880352,""coding_genes"""
"Chromosome,5879929,5880352,""coding_genes"""
"Chromosome,5883153,5883487,""coding_genes"""
"Chromosome,5888196,5888694,""coding_genes"""
"Chromosome,5888196,5888694,""coding_genes"""
"Chromosome,5894215,5894585,""coding_genes"""
"Chromosome,5897654,5898095,""coding_genes"""
"Chromosome,5897654,5898095,""coding_genes"""
"Chromosome,5904199,5904581,""coding_genes"""
"Chromosome,5904199,5904581,""coding_genes"""
"Chromosome,5912048,5912458,""coding_genes"""
"Chromosome,5922261,5922651,""coding_genes"""
"Chromosome,5922261,5922651,""coding_genes"""
"Chromosome,5937275,5937638,""coding_genes"""
"Chromosome,5937275,5937638,""coding_genes"""
"Chromosome,5951833,5952209,""coding_genes"""
"Chromosome,5951833,5952209,""coding_genes"""
"Chromosome,5956132,5956531,""coding_genes"""
"Chromosome,5958947,5959421,""coding_genes"""
"Chromosome,5958947,5959421,""coding_genes"""
"Chromosome,5968582,5968916,""coding_genes"""
"Chromosome,5971072,5971462,""coding_genes"""
"Chromosome,5971072,5971462,""coding_genes"""
"Chromosome,5971750,5972109,""coding_genes"""
"Chromosome,5973730,5974114,""coding_genes"""
"Chromosome,5973730,5974114,""coding_genes"""
"Chromosome,5980916,5981293,""coding_genes"""
"Chromosome,5984545,5984917,""coding_genes"""
"Chromosome,5995567,5995940,""coding_genes"""
"Chromosome,5998209,5998550,""coding_genes"""
"Chromosome,5998209,5998550,""coding_genes"""
"Chromosome,5999284,5999643,""coding_genes"""
"Chromosome,6002725,6003101,""coding_genes"""
"Chromosome,6006601,6006944,""coding_genes"""
"Chromosome,6011867,6012246,""coding_genes"""
"Chromosome,6011867,6012246,""coding_genes"""
"Chromosome,6016282,6016597,""coding_genes"""
"Chromosome,6014803,6015465,""coding_genes"""
"Chromosome,6023240,6023642,""coding_genes"""
"Chromosome,6024976,6025527,""coding_genes"""
"Chromosome,6031480,6031843,""coding_genes"""
"Chromosome,6044571,6045622,""coding_genes"""
"Chromosome,6051668,6051966,""coding_genes"""
"Chromosome,6051668,6051966,""coding_genes"""
"Chromosome,6054167,6054513,""coding_genes"""
"Chromosome,6054167,6054513,""coding_genes"""
"Chromosome,6062084,6062602,""coding_genes"""
"Chromosome,6062084,6062602,""coding_genes"""
"Chromosome,6068843,6069587,""coding_genes"""
"Chromosome,6071985,6072361,""coding_genes"""
"Chromosome,6073477,6073826,""coding_genes"""
"Chromosome,6073477,6073826,""coding_genes"""
"Chromosome,6073972,6074507,""coding_genes"""
"Chromosome,6074621,6075019,""coding_genes"""
"Chromosome,6081472,6081846,""coding_genes"""
"Chromosome,6081472,6081846,""coding_genes"""
"Chromosome,6083755,6084269,""coding_genes"""
"Chromosome,6083755,6084269,""coding_genes"""
"Chromosome,6090163,6090523,""coding_genes"""
"Chromosome,6095563,6096263,""coding_genes"""
"Chromosome,6095563,6096263,""coding_genes"""
"Chromosome,6096871,6097273,""coding_genes"""
"Chromosome,6098988,6099593,""coding_genes"""
"Chromosome,6101351,6101733,""coding_genes"""
"Chromosome,6103841,6104179,""coding_genes"""
"Chromosome,6103841,6104179,""coding_genes"""
"Chromosome,6108558,6108858,""coding_genes"""
"Chromosome,6109760,6110146,""coding_genes"""
"Chromosome,6110295,6111269,""coding_genes"""
"Chromosome,6110295,6111269,""coding_genes"""
"Chromosome,6111358,6111761,""coding_genes"""
"Chromosome,6120765,6121122,""coding_genes"""
"Chromosome,6123155,6123541,""coding_genes"""
"Chromosome,6123155,6123541,""coding_genes"""
"Chromosome,6124508,6124786,""coding_genes"""
"Chromosome,6130983,6131425,""coding_genes"""
"Chromosome,6136895,6137271,""coding_genes"""
"Chromosome,6136895,6137271,""coding_genes"""
"Chromosome,6139706,6140054,""coding_genes"""
"Chromosome,6142683,6143198,""coding_genes"""
"Chromosome,6143960,6144298,""coding_genes"""
"Chromosome,6162538,6162898,""coding_genes"""
"Chromosome,6162538,6162898,""coding_genes"""
"Chromosome,6203767,6204110,""coding_genes"""
"Chromosome,6206467,6206796,""coding_genes"""
"Chromosome,6209434,6209799,""coding_genes"""
"Chromosome,6213999,6214467,""coding_genes"""
"Chromosome,6213999,6214467,""coding_genes"""
"Chromosome,6215793,6216454,""coding_genes"""
"Chromosome,6219454,6219866,""coding_genes"""
"Chromosome,6236685,6237343,""coding_genes"""
"Chromosome,6236685,6237343,""coding_genes"""
"Chromosome,6240759,6241199,""coding_genes"""
"Chromosome,6240759,6241199,""coding_genes"""
"Chromosome,6244087,6244601,""coding_genes"""
"Chromosome,6244087,6244601,""coding_genes"""
"Chromosome,6253205,6253595,""coding_genes"""
"Chromosome,6258854,6259775,""coding_genes"""
"Chromosome,6266532,6266924,""coding_genes"""
"Chromosome,6278768,6279148,""coding_genes"""
"Chromosome,6278768,6279148,""coding_genes"""
"Chromosome,6284784,6285326,""coding_genes"""
"Chromosome,6289015,6289337,""coding_genes"""
"Chromosome,6289969,6290330,""coding_genes"""
"Chromosome,6292681,6293216,""coding_genes"""
"Chromosome,6304320,6304629,""coding_genes"""
"Chromosome,6304320,6304629,""coding_genes"""
"Chromosome,6309851,6310197,""coding_genes"""
"Chromosome,6315197,6315551,""coding_genes"""
"Chromosome,6315197,6315551,""coding_genes"""
"Chromosome,6321135,6321529,""coding_genes"""
"Chromosome,6321135,6321529,""coding_genes"""
"Chromosome,6327286,6327842,""coding_genes"""
"Chromosome,6327286,6327842,""coding_genes"""
"Chromosome,6329089,6329457,""coding_genes"""
"Chromosome,6334203,6334590,""coding_genes"""
"Chromosome,6346389,6346992,""coding_genes"""
"Chromosome,6346389,6346992,""coding_genes"""
"Chromosome,6351151,6351504,""coding_genes"""
"Chromosome,6351151,6351504,""coding_genes"""
"Chromosome,6352629,6353000,""coding_genes"""
"Chromosome,6356245,6356650,""coding_genes"""
"Chromosome,6356895,6357369,""coding_genes"""
"Chromosome,6358688,6359109,""coding_genes"""
"Chromosome,6358688,6359109,""coding_genes"""
"Chromosome,6370447,6371082,""coding_genes"""
"Chromosome,6384157,6384536,""coding_genes"""
"Chromosome,6391987,6392305,""coding_genes"""
"Chromosome,6394214,6394940,""coding_genes"""
"Chromosome,6394214,6394940,""coding_genes"""
"Chromosome,6397575,6397946,""coding_genes"""
"Chromosome,6402459,6402772,""coding_genes"""
"Chromosome,6402459,6402772,""coding_genes"""
"Chromosome,6409854,6410197,""coding_genes"""
"Chromosome,6409854,6410197,""coding_genes"""
"Chromosome,6412316,6412679,""coding_genes"""
"Chromosome,6412316,6412679,""coding_genes"""
"Chromosome,6419032,6419422,""coding_genes"""
"Chromosome,6423178,6423553,""coding_genes"""
"Chromosome,6423178,6423553,""coding_genes"""
"Chromosome,6424065,6424491,""coding_genes"""
"Chromosome,6426098,6426462,""coding_genes"""
"Chromosome,6429413,6429850,""coding_genes"""
"Chromosome,6438786,6439175,""coding_genes"""
"Chromosome,6465421,6465833,""coding_genes"""
"Chromosome,6467507,6467911,""coding_genes"""
"Chromosome,6482432,6482832,""coding_genes"""
"Chromosome,6482432,6482832,""coding_genes"""
"Chromosome,6487030,6487405,""coding_genes"""
"Chromosome,6491082,6491475,""coding_genes"""
"Chromosome,6498049,6498432,""coding_genes"""
"Chromosome,6498049,6498432,""coding_genes"""
"Chromosome,6506560,6506957,""coding_genes"""
"Chromosome,6506560,6506957,""coding_genes"""
"Chromosome,6509029,6509377,""coding_genes"""
"Chromosome,6520336,6520693,""coding_genes"""
"Chromosome,6526827,6527214,""coding_genes"""
"Chromosome,6526827,6527214,""coding_genes"""
"Chromosome,6539041,6539435,""coding_genes"""
"Chromosome,6539041,6539435,""coding_genes"""
"Chromosome,6553239,6553596,""coding_genes"""
"Chromosome,6553239,6553596,""coding_genes"""
"Chromosome,6558425,6558781,""coding_genes"""
"Chromosome,6568493,6568844,""coding_genes"""
"Chromosome,6575011,6575435,""coding_genes"""
"Chromosome,6575011,6575435,""coding_genes"""
"Chromosome,6577940,6578844,""coding_genes"""
"Chromosome,6577940,6578844,""coding_genes"""
"Chromosome,6579548,6580285,""coding_genes"""
"Chromosome,6584431,6584821,""coding_genes"""
"Chromosome,6594710,6595082,""coding_genes"""
"Chromosome,6594710,6595082,""coding_genes"""
"Chromosome,6598990,6599420,""coding_genes"""
"Chromosome,6598990,6599420,""coding_genes"""
"Chromosome,6601002,6601332,""coding_genes"""
"Chromosome,6603541,6603948,""coding_genes"""
"Chromosome,6603541,6603948,""coding_genes"""
"Chromosome,6616378,6616799,""coding_genes"""
"Chromosome,6617799,6618336,""coding_genes"""
"Chromosome,6619789,6620191,""coding_genes"""
"Chromosome,6619789,6620191,""coding_genes"""
"Chromosome,6622474,6622851,""coding_genes"""
"Chromosome,6622474,6622851,""coding_genes"""
"Chromosome,6632304,6632677,""coding_genes"""
"Chromosome,6632304,6632677,""coding_genes"""
"Chromosome,6633813,6634156,""coding_genes"""
"Chromosome,6641159,6641536,""coding_genes"""
"Chromosome,6646013,6646388,""coding_genes"""
"Chromosome,6648745,6649088,""coding_genes"""
"Chromosome,6649937,6650364,""coding_genes"""
"Chromosome,6663156,6663733,""coding_genes"""
"Chromosome,6663156,6663733,""coding_genes"""
"Chromosome,6669707,6670127,""coding_genes"""
"Chromosome,6669707,6670127,""coding_genes"""
"Chromosome,6681151,6681504,""coding_genes"""
"Chromosome,6687486,6687859,""coding_genes"""
"Chromosome,6702653,6702947,""coding_genes"""
"Chromosome,6704800,6705208,""coding_genes"""
"Chromosome,6706398,6706779,""coding_genes"""
"Chromosome,6724129,6724452,""coding_genes"""
"Chromosome,6727249,6727893,""coding_genes"""
"Chromosome,6727249,6727893,""coding_genes"""
"Chromosome,6728911,6729335,""coding_genes"""
"Chromosome,6728911,6729335,""coding_genes"""
"Chromosome,6738359,6738678,""coding_genes"""
"Chromosome,6744602,6744995,""coding_genes"""
"Chromosome,6744602,6744995,""coding_genes"""
"Chromosome,6748325,6748784,""coding_genes"""
"Chromosome,6748325,6748784,""coding_genes"""
"Chromosome,6749736,6750137,""coding_genes"""
"Chromosome,6760278,6760720,""coding_genes"""
"Chromosome,6761285,6761634,""coding_genes"""
"Chromosome,6761285,6761634,""coding_genes"""
"Chromosome,6773385,6773757,""coding_genes"""
"Chromosome,6773385,6773757,""coding_genes"""
"Chromosome,6822158,6822511,""coding_genes"""
"Chromosome,6822158,6822511,""coding_genes"""
"Chromosome,6824992,6825352,""coding_genes"""
"Chromosome,6831771,6832148,""coding_genes"""
"Chromosome,6831771,6832148,""coding_genes"""
"Chromosome,6856810,6857128,""coding_genes"""
"Chromosome,6863658,6864235,""coding_genes"""
"Chromosome,6868131,6868478,""coding_genes"""
"Chromosome,6868131,6868478,""coding_genes"""
"Chromosome,6879016,6879419,""coding_genes"""
"Chromosome,6889396,6889762,""coding_genes"""
"Chromosome,6891045,6891446,""coding_genes"""
"Chromosome,6891045,6891446,""coding_genes"""
"Chromosome,6907137,6907505,""coding_genes"""
"Chromosome,6937591,6938189,""coding_genes"""
"Chromosome,6942371,6942854,""coding_genes"""
"Chromosome,6942371,6942854,""coding_genes"""
"Chromosome,6946223,6946624,""coding_genes"""
"Chromosome,6946223,6946624,""coding_genes"""
"Chromosome,6954181,6954792,""coding_genes"""
"Chromosome,6961631,6961993,""coding_genes"""
"Chromosome,6969386,6969775,""coding_genes"""
"Chromosome,6972480,6972933,""coding_genes"""
"Chromosome,6995578,6995990,""coding_genes"""
"Chromosome,7000760,7001158,""coding_genes"""
"Chromosome,7010713,7011042,""coding_genes"""
"Chromosome,7010713,7011042,""coding_genes"""
"Chromosome,7013867,7014275,""coding_genes"""
"Chromosome,7018775,7019262,""coding_genes"""
"Chromosome,7018775,7019262,""coding_genes"""
"Chromosome,7038337,7038867,""coding_genes"""
"Chromosome,7038337,7038867,""coding_genes"""
"Chromosome,7042606,7043008,""coding_genes"""
"Chromosome,7044818,7045132,""coding_genes"""
"Chromosome,7046295,7046719,""coding_genes"""
"Chromosome,7049025,7049338,""coding_genes"""
"Chromosome,7050934,7051720,""coding_genes"""
"Chromosome,7053473,7053833,""coding_genes"""
"Chromosome,7053473,7053833,""coding_genes"""
"Chromosome,7065507,7065894,""coding_genes"""
"Chromosome,7069267,7069599,""coding_genes"""
"Chromosome,7077040,7077500,""coding_genes"""
"Chromosome,7077040,7077500,""coding_genes"""
"Chromosome,7129322,7129693,""coding_genes"""
"Chromosome,7133004,7133384,""coding_genes"""
"Chromosome,7141671,7142131,""coding_genes"""
"Chromosome,7141671,7142131,""coding_genes"""
"Chromosome,7156804,7157829,""coding_genes"""
"Chromosome,7166466,7166786,""coding_genes"""
"Chromosome,7166466,7166786,""coding_genes"""
"Chromosome,7174795,7175133,""coding_genes"""
"Chromosome,7183571,7183900,""coding_genes"""
"Chromosome,7231754,7232314,""coding_genes"""
"Chromosome,7231754,7232314,""coding_genes"""
"Chromosome,7233443,7233745,""coding_genes"""
"Chromosome,7233443,7233745,""coding_genes"""
"Chromosome,7258511,7258913,""coding_genes"""
"Chromosome,7269107,7269607,""coding_genes"""
"Chromosome,7300287,7301016,""coding_genes"""
"Chromosome,7306467,7306792,""coding_genes"""
"Chromosome,7334266,7334601,""coding_genes"""
"Chromosome,7334266,7334601,""coding_genes"""
"Chromosome,7342885,7343205,""coding_genes"""
"Chromosome,7347386,7347817,""coding_genes"""
"Chromosome,7347386,7347817,""coding_genes"""
"Chromosome,7348335,7348649,""coding_genes"""
"Chromosome,7357945,7358323,""coding_genes"""
"Chromosome,7358401,7359000,""coding_genes"""
"Chromosome,7362248,7362849,""coding_genes"""
"Chromosome,7372546,7373045,""coding_genes"""
"Chromosome,7372546,7373045,""coding_genes"""
"Chromosome,7378155,7378515,""coding_genes"""
"Chromosome,7378155,7378515,""coding_genes"""
"Chromosome,7385490,7385816,""coding_genes"""
"Chromosome,7402543,7402975,""coding_genes"""
"Chromosome,7402543,7402975,""coding_genes"""
"Chromosome,7418402,7418777,""coding_genes"""
"Chromosome,7439953,7440254,""coding_genes"""
"Chromosome,7439953,7440254,""coding_genes"""
"Chromosome,7446331,7446719,""coding_genes"""
"Chromosome,7446331,7446719,""coding_genes"""
"Chromosome,7455687,7456046,""coding_genes"""
"Chromosome,7455687,7456046,""coding_genes"""
"Chromosome,7459760,7460206,""coding_genes"""
"Chromosome,7459760,7460206,""coding_genes"""
"Chromosome,7463886,7464192,""coding_genes"""
"Chromosome,7467386,7467817,""coding_genes"""
"Chromosome,7469613,7469997,""coding_genes"""
"Chromosome,7469613,7469997,""coding_genes"""
"Chromosome,7471509,7472076,""coding_genes"""
"Chromosome,7476703,7477100,""coding_genes"""
"Chromosome,7476703,7477100,""coding_genes"""
"Chromosome,7481060,7481414,""coding_genes"""
"Chromosome,7481060,7481414,""coding_genes"""
"Chromosome,7497541,7497887,""coding_genes"""
"Chromosome,7507974,7508653,""coding_genes"""
"Chromosome,7507974,7508653,""coding_genes"""
"Chromosome,7515647,7516073,""coding_genes"""
"Chromosome,7532167,7532481,""coding_genes"""
"Chromosome,7533732,7534190,""coding_genes"""
"Chromosome,7533732,7534190,""coding_genes"""
"Chromosome,7539748,7540095,""coding_genes"""
"Chromosome,7552388,7552735,""coding_genes"""
"Chromosome,7552388,7552735,""coding_genes"""
"Chromosome,7564283,7564608,""coding_genes"""
"Chromosome,7570794,7571184,""coding_genes"""
"Chromosome,7579312,7579649,""coding_genes"""
"Chromosome,7585753,7586139,""coding_genes"""
"Chromosome,7585753,7586139,""coding_genes"""
"Chromosome,7591387,7591723,""coding_genes"""
"Chromosome,7613199,7613603,""coding_genes"""
"Chromosome,7632501,7633266,""coding_genes"""
"Chromosome,7688136,7688533,""coding_genes"""
"Chromosome,7688136,7688533,""coding_genes"""
"Chromosome,7701241,7701569,""coding_genes"""
"Chromosome,7719301,7719633,""coding_genes"""
"Chromosome,7719301,7719633,""coding_genes"""
"Chromosome,7726852,7727232,""coding_genes"""
"Chromosome,7729511,7729844,""coding_genes"""
"Chromosome,7740215,7740646,""coding_genes"""
"Chromosome,7767558,7767933,""coding_genes"""
"Chromosome,7777081,7777485,""coding_genes"""
"Chromosome,7806725,7807125,""coding_genes"""
"Chromosome,7808911,7809267,""coding_genes"""
"Chromosome,7821614,7821957,""coding_genes"""
"Chromosome,7821614,7821957,""coding_genes"""
"Chromosome,7832153,7832499,""coding_genes"""
"Chromosome,7835605,7835980,""coding_genes"""
"Chromosome,7842621,7843042,""coding_genes"""
"Chromosome,7847213,7847604,""coding_genes"""
"Chromosome,7850140,7850481,""coding_genes"""
"Chromosome,7850140,7850481,""coding_genes"""
"Chromosome,7862667,7863093,""coding_genes"""
"Chromosome,7862667,7863093,""coding_genes"""
"Chromosome,7874013,7874302,""coding_genes"""
"Chromosome,7880133,7880483,""coding_genes"""
"Chromosome,7880133,7880483,""coding_genes"""
"Chromosome,7881636,7882035,""coding_genes"""
"Chromosome,7891248,7891768,""coding_genes"""
"Chromosome,7932064,7932443,""coding_genes"""
"Chromosome,7932064,7932443,""coding_genes"""
"Chromosome,7940867,7941241,""coding_genes"""
"Chromosome,7969435,7969780,""coding_genes"""
"Chromosome,8016497,8016824,""coding_genes"""
"Chromosome,8016497,8016824,""coding_genes"""
"Chromosome,8019781,8020171,""coding_genes"""
"Chromosome,8019781,8020171,""coding_genes"""
"Chromosome,8027482,8027863,""coding_genes"""
"Chromosome,8031351,8031722,""coding_genes"""
"Chromosome,8057825,8058118,""coding_genes"""
"Chromosome,8061828,8062226,""coding_genes"""
"Chromosome,8061828,8062226,""coding_genes"""
"Chromosome,8084504,8084875,""coding_genes"""
"Chromosome,8084504,8084875,""coding_genes"""
"Chromosome,8086185,8086637,""coding_genes"""
"Chromosome,8086185,8086637,""coding_genes"""
"Chromosome,8125217,8125606,""coding_genes"""
"Chromosome,8178097,8178487,""coding_genes"""
"Chromosome,8178097,8178487,""coding_genes"""
"Chromosome,8197167,8197507,""coding_genes"""
"Chromosome,8217096,8217482,""coding_genes"""
"Chromosome,8223762,8224069,""coding_genes"""
"Chromosome,8296823,8297205,""coding_genes"""
"Chromosome,8322045,8322434,""coding_genes"""
"Chromosome,8325115,8325499,""coding_genes"""
"Chromosome,8326199,8326588,""coding_genes"""
"Chromosome,8331937,8332206,""coding_genes"""
"Chromosome,8372446,8372773,""coding_genes"""
"Chromosome,8374398,8374784,""coding_genes"""
"Chromosome,8374398,8374784,""coding_genes"""
"Chromosome,8402643,8402993,""coding_genes"""
"Chromosome,8402643,8402993,""coding_genes"""
"Chromosome,8427251,8427627,""coding_genes"""
"Chromosome,8438017,8438345,""coding_genes"""
"Chromosome,8453648,8454058,""coding_genes"""
"Chromosome,8453648,8454058,""coding_genes"""
"Chromosome,8457025,8457332,""coding_genes"""
"Chromosome,8468228,8468563,""coding_genes"""
"Chromosome,8468228,8468563,""coding_genes"""
"Chromosome,8480790,8481122,""coding_genes"""
"Chromosome,8480790,8481122,""coding_genes"""
"Chromosome,8500567,8500850,""coding_genes"""
"Chromosome,8563216,8563753,""coding_genes"""
"Chromosome,8582733,8583080,""coding_genes"""
"Chromosome,8594777,8595170,""coding_genes"""
"Chromosome,8597218,8597591,""coding_genes"""
"Chromosome,8597218,8597591,""coding_genes"""
"Chromosome,8605606,8605952,""coding_genes"""
"Chromosome,8605606,8605952,""coding_genes"""
"Chromosome,8619668,8620068,""coding_genes"""
"Chromosome,8621330,8621702,""coding_genes"""
"Chromosome,8629206,8629577,""coding_genes"""
"Chromosome,8634646,8635023,""coding_genes"""
"Chromosome,8634646,8635023,""coding_genes"""
"Chromosome,8645864,8646219,""coding_genes"""
"Chromosome,1045578,1046067,""sRNAs"""
"Chromosome,1539017,1539593,""sRNAs"""
"Chromosome,1711788,1712314,""sRNAs"""
"Chromosome,1950693,1951052,""sRNAs"""
"Chromosome,2040664,2041141,""sRNAs"""
"Chromosome,3283576,3284005,""sRNAs"""
"Chromosome,4580606,4580914,""sRNAs"""
"Chromosome,5126959,5127502,""sRNAs"""
"Chromosome,5605120,5605493,""sRNAs"""
"Chromosome,6073972,6074507,""sRNAs"""
"Chromosome,6269493,6269845,""sRNAs"""
"Chromosome,6370447,6371082,""sRNAs"""
"Chromosome,2226596,2227212,""sRNAs"""
"Chromosome,1161516,1161866,""sRNAs"""
"Chromosome,3957680,3958379,""sRNAs"""
"Chromosome,6706398,6706779,""sRNAs"""
"Chromosome,7688136,7688533,""sRNAs"""
"Chromosome,1529211,1529817,""sRNAs"""
"Chromosome,2258060,2258384,""sRNAs"""
"Chromosome,2264468,2264899,""sRNAs"""
"Chromosome,2276365,2276702,""sRNAs"""
"Chromosome,2308563,2308959,""sRNAs"""
"Chromosome,2458630,2459012,""sRNAs"""
"Chromosome,2625244,2625600,""sRNAs"""
"Chromosome,2982047,2982459,""sRNAs"""
"Chromosome,3208376,3208896,""sRNAs"""
"Chromosome,3979603,3979958,""sRNAs"""
"Chromosome,4061770,4062369,""sRNAs"""
"Chromosome,4315175,4315507,""sRNAs"""
"Chromosome,4323680,4324001,""sRNAs"""
"Chromosome,4326593,4326967,""sRNAs"""
"Chromosome,4506863,4507297,""sRNAs"""
"Chromosome,4549912,4550222,""sRNAs"""
"Chromosome,4753157,4753441,""sRNAs"""
"Chromosome,4829391,4829825,""sRNAs"""
"Chromosome,4944736,4945114,""sRNAs"""
"Chromosome,5116910,5117385,""sRNAs"""
"Chromosome,5556512,5556914,""sRNAs"""
"Chromosome,5699597,5699965,""sRNAs"""
"Chromosome,6391987,6392305,""sRNAs"""
"Chromosome,6484206,6484538,""sRNAs"""
"Chromosome,6575011,6575435,""sRNAs"""
"Chromosome,6946223,6946624,""sRNAs"""
"Chromosome,8005986,8006868,""sRNAs"""
"Chromosome,8016497,8016824,""sRNAs"""
"Chromosome,8017586,8017934,""sRNAs"""
"Chromosome,1922639,1922894,""sRNAs"""
"Chromosome,3082036,3082444,""sRNAs"""
"Chromosome,3690681,3691353,""sRNAs"""
"Chromosome,5912048,5912458,""sRNAs"""
"Chromosome,1457750,1458151,""sRNAs"""
"Chromosome,2463128,2463514,""sRNAs"""
"Chromosome,2646785,2647542,""sRNAs"""
"Chromosome,2983957,2984378,""sRNAs"""
"Chromosome,3079037,3079394,""sRNAs"""
"Chromosome,3226810,3227192,""sRNAs"""
"Chromosome,3301906,3302438,""sRNAs"""
"Chromosome,3321284,3321674,""sRNAs"""
"Chromosome,3481733,3482106,""sRNAs"""
"Chromosome,4152856,4153202,""sRNAs"""
"Chromosome,4375557,4375930,""sRNAs"""
"Chromosome,4456766,4457269,""sRNAs"""
"Chromosome,5076010,5076387,""sRNAs"""
"Chromosome,5400338,5400797,""sRNAs"""
"Chromosome,6143960,6144298,""sRNAs"""
"Chromosome,6266532,6266924,""sRNAs"""
"Chromosome,6412316,6412679,""sRNAs"""
"Chromosome,6702653,6702947,""sRNAs"""
"Chromosome,7719301,7719633,""sRNAs"""
"Chromosome,3933475,3933880,""sRNAs"""
"Chromosome,3934538,3934881,""sRNAs"""
"Chromosome,4805649,4805960,""sRNAs"""
"Chromosome,5107945,5108271,""sRNAs"""
"Chromosome,5462380,5462775,""sRNAs"""
"Chromosome,3198428,3198740,""sRNAs"""
"Chromosome,1473825,1474327,""tRNAsAndrRNAs"""
"Chromosome,1921758,1922272,""tRNAsAndrRNAs"""
"Chromosome,3301906,3302438,""tRNAsAndrRNAs"""
"Chromosome,3690681,3691353,""tRNAsAndrRNAs"""
"Chromosome,4529908,4530503,""tRNAsAndrRNAs"""
"Chromosome,6269493,6269845,""tRNAsAndrRNAs"""
"Chromosome,2463128,2463514,""tRNAsAndrRNAs"""
"Chromosome,3226810,3227192,""tRNAsAndrRNAs"""
"Chromosome,4456766,4457269,""tRNAsAndrRNAs"""
"Chromosome,1641818,1642231,""tRNAsAndrRNAs"""
"Chromosome,1649451,1649840,""tRNAsAndrRNAs"""
"Chromosome,1656055,1656896,""tRNAsAndrRNAs"""
"Chromosome,1656055,1656896,""tRNAsAndrRNAs"""
"Chromosome,1656055,1656896,""tRNAsAndrRNAs"""
"Chromosome,1656055,1656896,""tRNAsAndrRNAs"""
"Chromosome,1656055,1656896,""tRNAsAndrRNAs"""
"Chromosome,1796929,1797489,""tRNAsAndrRNAs"""
"Chromosome,2155619,2156052,""tRNAsAndrRNAs"""
"Chromosome,2523099,2523478,""tRNAsAndrRNAs"""
"Chromosome,2646785,2647542,""tRNAsAndrRNAs"""
"Chromosome,2646785,2647542,""tRNAsAndrRNAs"""
"Chromosome,2646785,2647542,""tRNAsAndrRNAs"""
"Chromosome,2781844,2782214,""tRNAsAndrRNAs"""
"Chromosome,2782472,2783088,""tRNAsAndrRNAs"""
"Chromosome,2847274,2847990,""tRNAsAndrRNAs"""
"Chromosome,2847274,2847990,""tRNAsAndrRNAs"""
"Chromosome,2929348,2929745,""tRNAsAndrRNAs"""
"Chromosome,3049154,3049536,""tRNAsAndrRNAs"""
"Chromosome,3079037,3079394,""tRNAsAndrRNAs"""
"Chromosome,3091609,3091985,""tRNAsAndrRNAs"""
"Chromosome,3094906,3095544,""tRNAsAndrRNAs"""
"Chromosome,3380751,3381529,""tRNAsAndrRNAs"""
"Chromosome,3421972,3422551,""tRNAsAndrRNAs"""
"Chromosome,3481733,3482106,""tRNAsAndrRNAs"""
"Chromosome,3602404,3602770,""tRNAsAndrRNAs"""
"Chromosome,3908159,3908632,""tRNAsAndrRNAs"""
"Chromosome,3962905,3963286,""tRNAsAndrRNAs"""
"Chromosome,4061770,4062369,""tRNAsAndrRNAs"""
"Chromosome,4226720,4227416,""tRNAsAndrRNAs"""
"Chromosome,4243634,4244058,""tRNAsAndrRNAs"""
"Chromosome,4259714,4260085,""tRNAsAndrRNAs"""
"Chromosome,4382488,4382820,""tRNAsAndrRNAs"""
"Chromosome,4407255,4407951,""tRNAsAndrRNAs"""
"Chromosome,4407255,4407951,""tRNAsAndrRNAs"""
"Chromosome,4433425,4433824,""tRNAsAndrRNAs"""
"Chromosome,4456766,4457269,""tRNAsAndrRNAs"""
"Chromosome,4465879,4466247,""tRNAsAndrRNAs"""
"Chromosome,4486402,4486763,""tRNAsAndrRNAs"""
"Chromosome,4490435,4491223,""tRNAsAndrRNAs"""
"Chromosome,4490435,4491223,""tRNAsAndrRNAs"""
"Chromosome,4490435,4491223,""tRNAsAndrRNAs"""
"Chromosome,4497936,4498309,""tRNAsAndrRNAs"""
"Chromosome,4505252,4505643,""tRNAsAndrRNAs"""
"Chromosome,4646183,4646654,""tRNAsAndrRNAs"""
"Chromosome,5038196,5038695,""tRNAsAndrRNAs"""
"Chromosome,5061122,5061663,""tRNAsAndrRNAs"""
"Chromosome,5061122,5061663,""tRNAsAndrRNAs"""
"Chromosome,5070809,5071402,""tRNAsAndrRNAs"""
"Chromosome,5664354,5665063,""tRNAsAndrRNAs"""
"Chromosome,5666720,5667095,""tRNAsAndrRNAs"""
"Chromosome,5818593,5819093,""tRNAsAndrRNAs"""
"Chromosome,6048885,6049754,""tRNAsAndrRNAs"""
"Chromosome,6048885,6049754,""tRNAsAndrRNAs"""
"Chromosome,6048885,6049754,""tRNAsAndrRNAs"""
"Chromosome,6048885,6049754,""tRNAsAndrRNAs"""
"Chromosome,6048885,6049754,""tRNAsAndrRNAs"""
"Chromosome,6275780,6276101,""tRNAsAndrRNAs"""
"Chromosome,7300287,7301016,""tRNAsAndrRNAs"""
"Chromosome,7565735,7566115,""tRNAsAndrRNAs"""
"Chromosome,7740215,7740646,""tRNAsAndrRNAs"""
"Chromosome,7759008,7759404,""tRNAsAndrRNAs"""
